florzinha.isa,
saykikix,
metalgamerdude,
cookiecutterssj,
cookiecutterssaltlake,
afzal.tyre,
_voeacessorios,
lightninggodlightning,
t0xickitsune,
luca.sgabriel75,
loalgapa,
lumim.os,
josueeliasvianadesouza,
cookiecutterswestvalley,
cookiecutters.chamblee,
tiagogomezoficial,
suckmyblvvd,
joaovitorfvm,
cookiecuttersburlesontx,
luffy_gamer_studio,
marianunes5411,
cookiecutters_edgewater,
cookiecutterssocal,
sweet_emo_girls,
raissonaraujo,
cookiecuttersscottsdale,
the_jasmine_sixx,
saykikix,
luca.sgabriel75,
nicewhipbro,
cookiecuttersmahwahnj,
rafajihrane,
mecanicageral_,
cookiecutters_fontana,
gamingsetupmax,
cookiecutterslosangeles,
inphitosbr,
kelps_cars,
hawkgirl__gaming,
cookiecuttersbrentwood,
humbertoluiz58,
lilpeepfanpics,
areasontogiveup,
fuziqopc,
rexgamer16,
master_fornecedoress,
joylancheske,
devdoido,
helloh_saytin,
sandra_r_lage,
theapexbooster,
bikedasantigas,
multipremiumthe,
renatoforcalivre,
newt_squish,
__python__.__py__,
techdesapegue,
cookiecutterschesapeake,
cookiecutters.richmond,
brigadeiros_rio,
dreamcar_br,
nosso_opala,
stephanykretli,
jardelcantor,
jerome_fps,
te_an_se,
lucasfrittzes,
elite.retro.agency,
0a100automotiva,
lastgame_cba,
vlone.croxy,
evertondavitimbo,
aghostinprogress,
bernardi_jv,
sergiogeek,
et_alien13,
mulheres.100limites,
streamingstore.co.il,
mylife.felipenetoo,
xbox_one_reviews,
godoyr_,
aquele_moco,
the1vampire_diaries,
marshamarshanda_07,
cookiecuttershillsdale,
inpro.gnc,
_onixath,
totty.games,
savag3100,
cookiecuttersfriscolittleelm,
laniterider,
leorvgomes,
sussy_milf_lover69,
essume,
outraged_vampire,
jupontes85,
cookiecutterslayton,
bshapersince86,
vampire_cherrybomb,
motocarbh.com.br,
radleyarcade,
instagrow.mike,
mayara.animale,
mariinsito.gmer,
i90grh,
aquelecaiodabarba,
knifeofg0ld_,
suzimue,
asway.dev,
lorenasmdwm,
zachswax,
topppcommeennttoolliinnssttaa,
cookiecuttersrichardson,
fiorsiilol,
miss_eva_madison,
__patricia.trading,
vqwrx,
fernandadesouza.alves,
aes_clips,
retrocanadian_,
thornthefreakshow,
carmenza_stories,
jarbasgfs,
diangelobeats,
suafeiju,
sh_guff,
gamingdestination1,
cookiecutters_lakestlouismo,
_leonardopfc,
saudeevidabc,
thaislima._._,
djiliomar,
negonahotdog,
__baby_satan__,
thamires_fortes,
nr.nightmxre,
diigorezendee,
globalricers,
garciahkimberlyw3e581p,
admmarly_marcia,
dogekeeper,
kyle.webdev,
_poisoned_seraphim,
funmachinelearn,
shan.rich.x,
ripvangamer,
autoeletricaflamboyant,
vivid.bun,
cookiecutterswestchesteroh,
chubsoftie,
grungersxx,
victorlanzelotti,
smsar.in_dubai,
luca.sgabriel75,
lifenotprepaid,
mel_wyanna,
epiccutscenes,
cookiecutterssacramento,
carecaducaraygames,
novos_investimentos,
manu.maia__,
reno_marinho,
lucasazantarot,
apollowebsite,
saykikix,
evileggtv,
noticiadefamososof,
nuvemeletro,
coinupitalia,
imbillow,
cookiecuttersmiamiwestkendall,
edenjetski,
atelierrs_,
esb.latam,
elliminator_69,
kellz_gaming,
ncourage_coaching,
memess.4.daysss,
cookiecutterspbg,
apex_boost_predator,
topbuzz808_wrx,
vitor_cheiik,
mirtaperezrey,
jaded_scars,
i4bns_10g7,
xformetyx,
poot_l2r2,
adrianasantoshorta,
panzi_484,
j0ndor,
rival_crowz,
cookiecuttersgcoh,
conexaobrulipe,
mary__viki,
lacosdocefada,
kamylla7296,
nharville23,
ninjaspree,
marcaloy_cars,
blogby.leona,
blogdapaatty,
motocarbh.com.br,
